City_ID,City,Country,Lat,Lng,Max Temp,Humidity,Cloudiness,Wind Speed,Current Description
0,Alice Springs,AU,-23.7,133.8833,93.99,36,74,13.8,broken clouds
1,Hithadhoo,MV,-0.6,73.0833,81.99,76,35,12.93,moderate rain
2,Leh,IN,34.1667,77.5833,3.54,66,0,1.59,clear sky
3,Iqaluit,CA,63.7506,-68.5145,-13.0,70,1,27.63,snow
4,Krasnyy Chikoy,RU,50.3643,108.7512,8.82,90,100,2.84,overcast clouds
5,Cape Town,ZA,-33.9258,18.4232,70.0,94,75,3.44,broken clouds
6,Pisco,PE,-13.7,-76.2167,71.6,73,0,6.91,clear sky
7,San Cristobal,VE,7.7669,-72.225,63.48,76,35,1.54,scattered clouds
8,Arraial Do Cabo,BR,-22.9661,-42.0278,76.71,84,38,24.09,scattered clouds
9,Erenhot,CN,43.6475,111.9767,20.84,90,0,20.09,clear sky
10,Mayumba,GA,-3.432,10.6554,78.28,89,100,7.02,light rain
11,Huainan,CN,32.6264,116.9969,53.42,43,21,4.56,few clouds
12,Yellowknife,CA,62.456,-114.3525,-18.0,76,1,5.75,clear sky
13,Puerto Ayora,EC,-0.7393,-90.3518,77.0,94,38,5.01,light rain
14,Barrow,US,71.2906,-156.7887,-11.2,70,75,8.05,broken clouds
15,Port Elizabeth,ZA,-33.918,25.5701,57.2,88,0,4.61,clear sky
16,Albany,US,42.6001,-73.9662,9.0,50,6,3.0,clear sky
17,La Romana,DO,18.4273,-68.9728,69.8,100,40,8.55,scattered clouds
18,Punta Arenas,CL,-53.15,-70.9167,46.4,81,40,20.71,scattered clouds
19,Talnakh,RU,69.4865,88.3972,-30.91,66,0,4.21,clear sky
20,Hermanus,ZA,-34.4187,19.2345,62.01,89,66,4.59,broken clouds
21,Busselton,AU,-33.65,115.3333,84.0,41,0,5.99,clear sky
22,Hilo,US,19.7297,-155.09,75.2,73,90,6.91,moderate rain
23,Vaini,TO,-21.2,-175.2,80.6,89,90,14.97,light rain
24,Hobart,AU,-42.8794,147.3294,75.2,50,75,11.5,broken clouds
25,Rikitea,PF,-23.1203,-134.9692,80.19,72,24,9.82,few clouds
26,Mar Del Plata,AR,-38.0023,-57.5575,69.01,94,75,4.61,broken clouds
27,Griffith,US,41.5284,-87.4237,28.4,69,1,6.91,clear sky
28,Butaritari,KI,3.0707,172.7902,80.56,77,99,14.88,overcast clouds
29,Progreso,MX,21.2833,-89.6667,69.01,68,1,9.22,clear sky
30,Bethel,US,41.3712,-73.414,12.99,52,1,5.75,clear sky
31,Sao Filipe,CV,14.8961,-24.4956,74.86,54,98,9.62,overcast clouds
32,Codrington,AU,-38.2667,141.9667,62.94,71,100,13.2,overcast clouds
33,Bluff,NZ,-46.6,168.3333,54.23,75,0,15.23,clear sky
34,Saint-Philippe,RE,-21.3585,55.7679,84.2,48,0,5.75,clear sky
35,High Rock,BS,26.6208,-78.2833,57.2,72,0,3.44,clear sky
36,Faya,SA,18.3851,42.4509,51.8,31,0,0.74,clear sky
37,Port Lincoln,AU,-34.7333,135.8667,67.14,58,21,15.5,few clouds
38,General Roca,AR,-39.0333,-67.5833,64.4,77,0,3.44,clear sky
39,Westport,US,41.1415,-73.3579,17.6,45,1,12.66,clear sky
40,Lavrentiya,RU,65.5833,-171.0,-18.71,81,0,9.53,clear sky
41,Port Hawkesbury,CA,45.6169,-61.3485,27.0,74,40,11.5,scattered clouds
42,Prince Rupert,CA,54.3161,-130.3201,39.2,65,90,6.91,overcast clouds
43,Bambous Virieux,MU,-20.3428,57.7575,84.0,89,40,8.05,scattered clouds
44,Hwange,ZW,-18.3693,26.5019,67.91,89,97,1.99,overcast clouds
45,Portland,US,45.5234,-122.6762,44.6,76,90,8.05,light rain
46,Nikolskoye,RU,59.7035,30.7861,30.99,93,90,8.95,light snow
47,Ishim,RU,56.1128,69.4902,8.24,94,74,7.74,broken clouds
48,Castro,BR,-24.7911,-50.0119,62.58,95,100,3.09,light rain
49,Havre-Saint-Pierre,CA,50.2334,-63.5986,8.6,66,1,3.44,clear sky
50,Kulu,TR,39.0951,33.0799,30.4,86,78,7.7,broken clouds
51,Japura,ID,-0.3167,102.35,85.15,63,94,5.26,overcast clouds
52,Provideniya,RU,64.3833,-173.3,-7.67,81,11,3.33,few clouds
53,Mahebourg,MU,-20.4081,57.7,78.8,89,40,8.05,scattered clouds
54,Beringovskiy,RU,63.05,179.3167,-18.15,83,0,10.27,clear sky
55,Jamestown,US,42.097,-79.2353,19.0,73,90,13.8,light snow
56,Pingliang,CN,35.5392,106.6861,36.91,53,100,2.17,overcast clouds
57,Tuatapere,NZ,-46.1333,167.6833,64.8,49,0,6.62,clear sky
58,Avarua,CK,-21.2078,-159.775,80.6,83,90,6.91,light rain
59,Rio Grande,BR,-32.035,-52.0986,75.0,94,100,4.63,overcast clouds
60,Mount Gambier,AU,-37.8333,140.7667,66.2,63,90,12.66,overcast clouds
61,Bredasdorp,ZA,-34.5322,20.0403,62.01,89,93,4.41,overcast clouds
62,Verona,IT,45.4167,11.0333,36.0,86,35,5.75,scattered clouds
63,Atuona,PF,-9.8,-139.0333,78.49,79,19,19.13,few clouds
64,Victoria,HK,22.2855,114.1577,70.0,65,0,3.0,clear sky
65,Souillac,MU,-20.5167,57.5167,78.8,89,40,8.05,scattered clouds
66,Watsa,CD,3.0372,29.5355,69.67,51,65,1.88,broken clouds
67,Vestmannaeyjar,IS,63.4427,-20.2734,35.22,82,100,7.9,overcast clouds
68,Coihaique,CL,-45.5752,-72.0662,44.6,81,0,2.3,clear sky
69,Ushuaia,AR,-54.8,-68.3,42.8,75,40,17.27,scattered clouds
70,Nizhniy Tsasuchey,RU,50.5167,115.1333,-12.48,85,99,7.74,overcast clouds
71,Sompeta,IN,18.9333,84.6,79.07,58,9,2.48,clear sky
72,Okhotsk,RU,59.3833,143.3,-5.71,85,0,10.2,clear sky
73,Vostok,RU,46.4856,135.8833,-4.9,87,99,4.54,overcast clouds
74,Maryville,US,35.7565,-83.9705,30.99,64,20,4.61,few clouds
75,Pathein,MM,16.7833,94.7333,86.54,51,8,6.58,clear sky
76,Norman Wells,CA,65.282,-126.8329,-34.6,74,40,2.3,scattered clouds
77,Berlevag,NO,70.8578,29.0864,25.7,96,100,19.19,light snow
78,Fortuna,US,40.5982,-124.1573,48.0,76,90,11.5,light rain
79,Saint-Francois,FR,46.4154,3.9054,46.4,76,100,10.36,overcast clouds
80,Baracoa,CU,20.3467,-74.4958,71.04,80,87,12.75,overcast clouds
81,Dhekiajuli,IN,26.7,92.5,69.31,41,0,2.77,clear sky
82,Haines Junction,CA,60.7522,-137.5108,-11.2,84,100,1.52,overcast clouds
83,Zhezkazgan,KZ,47.8043,67.7144,14.58,94,100,13.06,overcast clouds
84,Luderitz,NA,-26.6481,15.1594,64.8,55,0,21.34,clear sky
85,Avera,US,33.194,-82.5271,33.8,86,1,4.85,clear sky
86,Hasaki,JP,35.7333,140.8333,46.0,23,20,20.71,few clouds
87,Carnarvon,AU,-24.8667,113.6333,105.8,21,0,18.41,clear sky
88,Kruisfontein,ZA,-34.0033,24.7314,55.0,91,0,4.23,clear sky
89,Koundara,GN,12.4833,-13.3,65.01,40,0,3.02,clear sky
90,Havoysund,NO,70.9963,24.6622,21.2,68,75,5.75,broken clouds
91,Bulancak,TR,40.9372,38.2291,37.4,70,0,3.44,clear sky
92,New Norfolk,AU,-42.7826,147.0587,75.2,50,75,11.5,broken clouds
93,Chokurdakh,RU,70.6333,147.9167,-27.45,85,100,8.77,overcast clouds
94,Cidreira,BR,-30.1811,-50.2056,74.82,90,49,4.56,scattered clouds
95,Khatanga,RU,71.9667,102.5,-43.65,76,0,2.73,clear sky
96,Khovu-Aksy,RU,51.1333,93.6,21.25,89,93,6.38,overcast clouds
97,Roma,US,43.2128,-75.4557,8.6,66,90,4.61,overcast clouds
98,Coquimbo,CL,-29.9533,-71.3436,62.6,82,0,3.44,clear sky
99,Hofn,IS,64.2539,-15.2082,31.5,81,76,4.76,broken clouds
100,Thompson,CA,55.7435,-97.8558,10.4,85,90,4.61,light snow
101,Ostrovnoy,RU,68.0531,39.5131,9.09,94,100,16.67,light snow
102,Lebu,CL,-37.6167,-73.65,56.89,90,96,6.08,overcast clouds
103,Maragogi,BR,-9.0122,-35.2225,77.32,82,100,8.77,overcast clouds
104,Aklavik,CA,68.2191,-135.0107,-27.4,68,93,0.22,overcast clouds
105,Qaanaaq,GL,77.484,-69.3632,-13.32,63,0,5.21,clear sky
106,Shingu,JP,33.7333,135.9833,44.6,49,40,17.27,scattered clouds
107,Ketchikan,US,55.3422,-131.6461,35.6,80,90,11.5,light rain
108,Kaitangata,NZ,-46.2817,169.8464,57.99,70,28,8.99,scattered clouds
109,Follonica,IT,42.9263,10.7616,57.99,64,83,12.41,broken clouds
110,Angoche,MZ,-16.2325,39.9086,79.21,84,95,1.86,overcast clouds
111,Mikhaylovskoye,RU,51.8239,79.7172,13.19,94,64,4.74,broken clouds
112,Torbay,CA,47.6666,-52.7314,27.0,93,90,20.71,light snow
113,Mataura,NZ,-46.1927,168.8643,69.17,39,0,1.72,clear sky
114,Popondetta,PG,-8.7537,148.2534,89.49,61,44,3.65,scattered clouds
115,Esperance,AU,-33.8667,121.9,75.2,43,0,13.8,clear sky
116,Cooma,AU,-36.2333,149.1333,71.6,60,75,3.44,broken clouds
117,Tezu,IN,27.9167,96.1667,71.26,25,60,3.85,broken clouds
118,Lorengau,PG,-2.0226,147.2712,83.48,80,100,9.31,overcast clouds
119,Lahij,YE,13.1667,44.5833,66.02,83,35,4.45,scattered clouds
120,Upernavik,GL,72.7868,-56.1549,-8.79,84,0,10.27,clear sky
121,Lagoa,PT,39.05,-27.9833,60.04,83,98,20.69,overcast clouds
122,Paamiut,GL,61.994,-49.6678,34.7,80,92,9.64,overcast clouds
123,Saint George,US,37.1041,-113.5841,37.99,93,90,8.05,overcast clouds
124,Morant Bay,JM,17.8815,-76.4093,78.8,69,40,6.91,scattered clouds
125,Cayenne,GF,4.9333,-52.3333,77.0,100,75,8.05,moderate rain
126,Altay,CN,47.8667,88.1167,9.32,81,34,0.56,scattered clouds
127,Vrsac,RS,45.1167,21.3036,41.0,93,40,3.44,scattered clouds
128,Kajaani,FI,64.2273,27.7285,14.0,85,90,6.91,light snow
129,Sendhwa,IN,21.6833,75.1,65.19,26,39,10.11,scattered clouds
130,Biak,ID,-0.9131,122.8766,84.76,58,100,1.07,overcast clouds
131,Puerto Leguizamo,CO,-0.1934,-74.7819,73.65,73,49,2.06,scattered clouds
132,Ahipara,NZ,-35.1667,173.1667,66.79,67,64,5.61,broken clouds
133,Severo-Kurilsk,RU,50.6789,156.125,24.69,91,100,17.96,overcast clouds
134,Ribeira Grande,PT,38.5167,-28.7,61.41,83,94,24.92,overcast clouds
135,Karachi,PK,24.9056,67.0822,60.8,59,0,3.44,haze
136,Umm Kaddadah,SD,13.6017,26.6876,59.14,32,0,18.01,clear sky
137,Cerrito,CO,6.8432,-72.694,47.91,46,39,5.84,scattered clouds
138,Qaqortoq,GL,60.7167,-46.0333,41.0,33,75,34.52,broken clouds
139,Kapaa,US,22.0752,-159.319,75.2,78,40,16.11,light rain
140,Nago,JP,26.5881,127.9761,66.2,34,40,10.36,scattered clouds
141,Palmer,US,42.1584,-72.3287,12.0,56,1,6.91,clear sky
142,Takaungu,KE,-3.6837,39.8566,78.8,78,40,6.91,scattered clouds
143,San Patricio,US,28.017,-97.5169,69.8,77,90,16.11,overcast clouds
144,Charters Towers,AU,-20.1,146.2667,90.52,30,81,10.02,broken clouds
145,Entre Rios,BR,-11.9419,-38.0844,70.47,98,100,2.39,overcast clouds
146,Adrar,MR,20.5022,-10.0711,61.43,28,0,10.38,clear sky
147,Wuning,CN,29.2589,120.2311,55.63,46,0,0.81,clear sky
148,Bridlington,GB,54.0831,-0.1919,37.0,86,100,11.99,overcast clouds
149,Saldanha,ZA,-33.0117,17.9442,65.53,80,60,10.8,broken clouds
150,Oktyabrskoye,RU,43.0645,44.7417,35.6,93,99,4.47,overcast clouds
151,Honningsvag,NO,70.9821,25.9704,24.64,92,99,12.8,overcast clouds
152,San Rafael,AR,-34.6177,-68.3301,64.45,64,100,14.45,moderate rain
153,Tuktoyaktuk,CA,69.4541,-133.0374,-36.4,67,1,2.3,clear sky
154,Guerrero Negro,MX,27.9769,-114.0611,59.81,73,3,15.35,clear sky
155,Kidal,ML,18.4411,1.4078,60.62,28,0,13.24,clear sky
156,Tura,IN,25.5198,90.2201,68.65,36,0,3.44,clear sky
157,Itaituba,BR,-4.2761,-55.9836,73.81,97,96,1.03,overcast clouds
158,Marsa Matruh,EG,31.3525,27.2453,55.4,62,40,13.8,scattered clouds
159,Kieta,PG,-6.2167,155.6333,85.5,71,45,14.47,light rain
160,Kitui,KE,-1.367,38.0106,60.57,96,5,2.33,clear sky
161,Coahuayana,MX,18.7333,-103.6833,72.72,75,100,2.21,overcast clouds
162,Taksimo,RU,56.3444,114.8794,-26.34,76,53,1.14,broken clouds
163,Bengkulu,ID,-3.8004,102.2655,86.88,58,95,3.94,overcast clouds
164,Yeppoon,AU,-23.1333,150.7333,87.8,48,40,12.66,scattered clouds
165,Bilma,NE,18.6853,12.9164,56.91,31,43,5.99,scattered clouds
166,Berdigestyakh,RU,62.0989,126.6992,-40.52,78,100,0.98,overcast clouds
167,Hamilton,US,39.1834,-84.5333,26.6,63,75,5.75,broken clouds
168,Kodiak,US,57.79,-152.4072,35.6,55,1,16.11,clear sky
169,Tomatlan,MX,19.9333,-105.25,74.01,47,38,3.27,scattered clouds
170,Kahului,US,20.8947,-156.47,73.4,73,40,17.27,scattered clouds
171,Fort Smith,US,35.3859,-94.3986,48.2,61,75,5.75,broken clouds
172,Dunedin,NZ,-45.8742,170.5036,55.0,71,5,8.99,clear sky
173,Christchurch,NZ,-43.5333,172.6333,66.99,42,8,5.75,clear sky
174,Chumikan,RU,54.7183,135.315,-10.61,88,100,12.21,overcast clouds
175,Lajas,PR,18.05,-67.0593,73.0,90,24,1.01,few clouds
176,Jambi,ID,-1.6,103.6167,84.43,66,100,6.91,overcast clouds
177,Gornopravdinsk,RU,60.05,69.9,-17.82,85,98,9.57,overcast clouds
178,Along,IN,28.1667,94.7667,60.75,69,57,0.87,broken clouds
179,Katsuura,JP,35.1333,140.3,46.4,21,20,13.8,few clouds
180,Baoying,CN,33.2292,119.3092,52.32,47,0,6.06,clear sky
181,Ixtapa,MX,20.7,-105.2,72.0,94,40,2.3,scattered clouds
182,Caravelas,BR,-17.7125,-39.2481,75.02,89,4,5.99,clear sky
183,Craig,US,40.5153,-107.5464,30.2,80,90,4.61,overcast clouds
184,Nanortalik,GL,60.1432,-45.2371,31.86,92,97,8.52,overcast clouds
185,Port-Gentil,GA,-0.7193,8.7815,80.37,82,100,9.46,overcast clouds
186,Tiznit,MA,29.5833,-9.5,57.7,46,0,1.1,clear sky
187,Pyaozerskiy,RU,65.8333,31.1667,10.96,95,100,10.63,light snow
188,Ponta Delgada,PT,37.7333,-25.6667,59.0,94,20,9.22,few clouds
189,Chapais,CA,49.7834,-74.8492,-0.4,78,90,8.05,light snow
190,Ngunguru,NZ,-35.6167,174.5,71.01,57,19,11.01,few clouds
191,Fairbanks,US,64.8378,-147.7164,1.0,77,1,2.39,clear sky
192,Northam,GB,51.0333,-4.2167,50.0,94,100,8.01,heavy intensity rain
193,Nyagan,RU,62.1406,65.3936,-20.63,85,100,9.17,overcast clouds
194,Yar-Sale,RU,66.8333,70.8333,-38.76,82,25,4.27,scattered clouds
195,Komsomolskiy,UZ,40.4272,71.7189,30.2,55,56,4.61,broken clouds
196,Santa Fe,AR,-31.6333,-60.7,75.0,77,2,1.99,clear sky
197,Honolulu,US,21.3069,-157.8583,78.8,57,75,18.41,broken clouds
198,Antsirabe,MG,-19.85,47.0333,61.39,85,79,3.65,broken clouds
199,Petropavlovsk-Kamchatskiy,RU,53.0452,158.6483,26.6,50,40,15.66,light snow
200,Abu Samrah,SY,35.3029,37.1841,42.55,73,5,13.96,clear sky
201,Chuy,UY,-33.6971,-53.4616,67.24,92,2,1.21,clear sky
202,Yumen,CN,40.2833,97.2,29.62,67,0,23.53,clear sky
203,Bronkhorstspruit,ZA,-25.8102,28.7425,68.0,94,59,3.44,broken clouds
204,Meadow Lake,US,34.8014,-106.5436,45.0,45,75,12.66,broken clouds
205,Alexandria,EG,31.2156,29.9553,51.8,76,40,5.75,scattered clouds
206,Gangawati,IN,15.4333,76.5333,77.61,44,11,6.89,few clouds
207,Port Alfred,ZA,-33.5906,26.891,66.0,81,10,7.0,clear sky
208,Hobyo,SO,5.3505,48.5268,75.88,76,46,15.79,scattered clouds
209,Dustlik,UZ,40.5247,68.0358,44.92,49,100,19.24,overcast clouds
210,Kaeo,NZ,-35.1,173.7833,71.01,57,60,11.01,broken clouds
211,Mogadishu,SO,2.0371,45.3438,74.41,82,39,17.96,scattered clouds
212,Ilulissat,GL,69.2167,-51.1,-0.4,55,0,8.05,clear sky
213,Shangzhi,CN,45.2167,127.9667,-2.27,89,100,0.45,overcast clouds
214,Kavieng,PG,-2.5744,150.7967,84.54,76,100,14.58,overcast clouds
215,Panama City,PA,8.9936,-79.5197,75.2,83,20,5.75,few clouds
216,Kamsack,CA,51.5667,-101.9009,17.6,93,90,10.36,mist
217,Ginir,ET,7.1333,40.7,52.77,43,0,3.13,clear sky
218,Ola,RU,59.5833,151.2833,-11.74,82,39,12.73,scattered clouds
219,Fruitvale,US,39.0817,-108.4968,42.01,60,90,14.97,overcast clouds
220,Ancud,CL,-41.8697,-73.8203,52.0,81,0,9.22,clear sky
221,Hamamatsu,JP,34.7,137.7333,48.2,29,20,18.41,few clouds
222,Kota Belud,MY,6.351,116.4305,84.2,79,20,4.61,few clouds
223,Pangkalanbuun,ID,-2.6833,111.6167,80.55,76,100,5.23,moderate rain
224,Ribas Do Rio Pardo,BR,-20.4431,-53.7592,73.02,84,100,4.21,overcast clouds
225,Dikson,RU,73.5069,80.5464,-33.92,84,97,7.7,overcast clouds
226,Quatre Cocos,MU,-20.2078,57.7625,84.0,89,40,8.05,scattered clouds
227,Saskylakh,RU,71.9167,114.0833,-37.79,75,0,3.56,clear sky
228,Georgetown,MY,5.4112,100.3354,86.0,61,20,8.05,few clouds
229,Bima,ID,-8.4667,118.7167,82.99,77,100,4.65,overcast clouds
230,Ambon,ID,-3.6954,128.1814,91.4,58,40,6.91,scattered clouds
231,Hokitika,NZ,-42.7167,170.9667,62.69,58,0,8.59,clear sky
232,Sabang,ID,5.8933,95.3214,81.39,79,84,26.11,broken clouds
233,Klaksvik,FO,62.2266,-6.589,32.0,69,75,10.36,broken clouds
234,Buala,SB,-8.145,159.5921,85.05,75,98,12.37,light rain
235,Vigrestad,NO,58.5667,5.7,30.2,93,90,6.91,overcast clouds
236,Carndonagh,IE,55.25,-7.2667,37.02,80,97,23.17,overcast clouds
237,Keffi,NG,8.8486,7.8736,70.97,22,24,4.12,few clouds
238,Ciudad Guayana,VE,8.3533,-62.6528,77.0,82,19,5.01,few clouds
239,Nuevo Progreso,MX,23.1667,-97.95,69.01,63,69,1.01,broken clouds
240,Agadez,NE,19.75,10.25,52.56,37,0,8.66,clear sky
241,Weatherford,US,32.7593,-97.7972,55.99,80,100,4.0,overcast clouds
242,Cherskiy,RU,68.75,161.3,-35.05,83,4,2.24,clear sky
243,Clyde River,CA,70.4692,-68.5914,-16.6,83,1,5.75,clear sky
244,Olinda,BR,-8.0089,-34.8553,78.8,73,40,6.91,scattered clouds
245,Ponta Do Sol,PT,32.6667,-17.1,57.99,75,62,1.99,broken clouds
246,Bardsir,IR,29.9227,56.5743,50.0,25,40,4.61,scattered clouds
247,Doha,QA,25.2867,51.5333,68.0,82,0,10.36,clear sky
248,Puerto Escondido,MX,15.85,-97.0667,78.8,83,40,6.91,scattered clouds
249,Kaitong,CN,44.8135,123.15,-0.35,84,17,6.26,few clouds
250,Marzuq,YE,14.4,46.4667,59.16,31,0,0.94,clear sky
251,Khasan,RU,42.4308,130.6434,15.04,88,65,5.53,broken clouds
252,Brisbane,AU,-27.4679,153.0281,89.01,54,40,12.66,scattered clouds
253,Pacific Grove,US,36.6177,-121.9166,46.4,87,1,3.44,clear sky
254,Piacabucu,BR,-10.4056,-36.4344,77.59,81,95,8.34,overcast clouds
255,Araouane,ML,18.9048,-3.5265,63.34,25,0,10.74,clear sky
256,San Benito Abad,CO,8.929,-75.0271,76.62,69,93,3.67,overcast clouds
257,Sao Felix Do Xingu,BR,-6.6447,-51.995,71.65,96,94,0.72,heavy intensity rain
258,Muroto,JP,33.2833,134.15,46.4,34,20,6.91,few clouds
259,Teguldet,RU,57.3064,88.1667,-20.78,85,14,7.02,few clouds
260,Saint-Augustin,CA,51.226,-58.6502,13.12,92,62,10.18,broken clouds
261,Litovko,RU,49.2361,135.1742,0.64,86,100,3.74,overcast clouds
262,Surt,LY,31.2089,16.5887,61.56,51,5,15.43,clear sky
263,Alassio,IT,44.0039,8.1671,50.0,93,0,5.75,clear sky
264,Norsup,VU,-16.0667,167.3833,82.89,75,85,13.76,overcast clouds
265,Pevek,RU,69.7008,170.3133,-30.42,85,18,4.05,few clouds
266,Medea,DZ,36.2642,2.7539,46.4,93,0,3.53,clear sky
267,East London,ZA,-33.0153,27.9116,69.03,75,16,3.71,few clouds
268,Oktyabrskiy,RU,54.4815,53.471,23.81,98,89,5.88,overcast clouds
269,Kattivakkam,IN,13.2167,80.3167,80.6,74,40,4.61,mist
270,Channel-Port Aux Basques,CA,47.5702,-59.1367,26.64,91,100,20.13,overcast clouds
271,Faanui,PF,-16.4833,-151.75,81.23,67,100,4.76,overcast clouds
272,Keuruu,FI,62.2667,24.7,19.4,93,90,10.36,light snow
273,Cabo San Lucas,MX,22.8909,-109.9124,66.99,82,1,4.61,clear sky
274,Grindavik,IS,63.8424,-22.4338,33.8,80,75,5.75,broken clouds
275,Batagay-Alyta,RU,67.8006,130.4114,-31.49,82,100,0.96,overcast clouds
276,Macamic,CA,48.7502,-78.9996,3.2,78,90,5.75,light snow
277,Faro,PT,37.0194,-7.9322,57.2,100,90,10.36,overcast clouds
278,Wangou,CN,42.0623,126.9127,10.26,86,92,9.51,overcast clouds
279,Nehe,CN,48.4833,124.8333,-12.64,81,0,5.21,clear sky
280,Lander,US,42.833,-108.7307,37.4,48,20,7.34,few clouds
281,Tasiilaq,GL,65.6145,-37.6368,15.8,53,90,21.85,overcast clouds
282,Ludvika,SE,60.1496,15.1878,3.99,77,0,3.44,clear sky
283,Kuldur,RU,49.2167,131.6333,-7.44,81,94,4.97,overcast clouds
284,Gamba,GA,-2.65,10.0,77.38,90,100,5.06,moderate rain
285,Vanimo,PG,-2.6741,141.3028,83.5,79,100,12.24,overcast clouds
286,Necochea,AR,-38.5473,-58.7368,64.99,74,60,12.84,broken clouds
287,Constitucion,CL,-35.3333,-72.4167,61.3,95,100,9.24,overcast clouds
288,Zhaozhou,CN,45.6833,125.3167,-5.89,89,43,7.45,scattered clouds
289,Orlik,RU,52.5178,99.825,10.11,88,86,7.54,overcast clouds
290,Tiksi,RU,71.6872,128.8694,-29.65,85,100,5.23,overcast clouds
291,Chulman,RU,56.8479,124.9104,-32.76,79,100,1.48,overcast clouds
292,Hukuntsi,BW,-24.0,21.75,70.75,63,66,6.67,broken clouds
293,Padang,ID,-0.9492,100.3543,84.2,70,40,3.44,scattered clouds
294,San Andres,CO,12.5847,-81.7006,80.6,69,20,11.5,few clouds
295,Aksu,CN,41.1231,80.2644,28.17,72,0,2.3,clear sky
296,Rawson,AR,-43.3002,-65.1023,57.49,52,0,8.37,clear sky
297,Viesca,MX,25.35,-102.8,71.6,35,40,1.57,scattered clouds
298,Imbituba,BR,-28.24,-48.6703,75.2,94,75,9.22,broken clouds
299,Aguimes,ES,27.9054,-15.4461,64.99,82,20,19.57,few clouds
300,Shenzhen,CN,22.5455,114.0683,71.01,59,0,4.56,clear sky
301,Leningradskiy,RU,69.3833,178.4167,-22.16,85,100,7.87,overcast clouds
302,Barra Do Garcas,BR,-15.89,-52.2567,74.08,88,100,0.81,overcast clouds
303,Neryungri,RU,56.6709,124.6491,-32.39,78,100,2.3,overcast clouds
304,Kutum,SD,14.2,24.6667,49.93,42,0,10.74,clear sky
305,Mecca,SA,21.4267,39.8261,63.41,48,0,9.13,clear sky
306,Huesca,ES,42.1362,-0.4087,48.2,93,90,5.75,overcast clouds
307,Kijang,KR,35.2442,129.2139,44.6,39,20,11.5,few clouds
308,Bodden Town,KY,19.2833,-81.25,77.0,65,40,14.97,scattered clouds
309,Eidsvag,NO,62.7767,8.0668,32.0,93,90,11.5,light snow
310,Richards Bay,ZA,-28.783,32.0377,71.89,89,66,1.97,broken clouds
311,Noumea,NC,-22.2763,166.4572,86.0,58,0,21.85,clear sky
312,Gigmoto,PH,13.7796,124.39,76.77,74,100,20.74,overcast clouds
313,Flin Flon,CA,54.7682,-101.865,11.17,96,100,5.93,overcast clouds
314,Tangjiazhuang,CN,39.7333,118.45,30.99,95,0,13.94,clear sky
315,Laguna,US,38.421,-121.4238,45.0,87,1,3.44,clear sky
316,Ukiah,US,39.1502,-123.2078,44.6,81,40,1.63,scattered clouds
317,Shitanjing,CN,39.2342,106.3439,29.55,72,0,21.18,clear sky
318,North Bay,CA,46.3168,-79.4663,5.0,78,90,3.44,overcast clouds
319,Taoudenni,ML,22.6783,-3.9836,64.29,28,0,10.36,clear sky
320,Linxia,CN,35.6003,103.2064,28.8,73,100,3.24,overcast clouds
321,Vanavara,RU,60.34,102.2797,-35.95,79,55,9.01,broken clouds
322,Dogondoutchi,NE,13.6393,4.0287,66.65,24,7,12.53,clear sky
323,Vidim,RU,56.4088,103.1106,-19.39,86,100,5.91,overcast clouds
324,Fort Nelson,CA,58.8053,-122.7002,-13.0,77,75,0.58,broken clouds
325,Ganzhou,CN,28.8184,115.4327,51.71,48,100,1.07,overcast clouds
326,Tabas,IR,33.5959,56.9244,44.6,21,31,4.61,scattered clouds
327,Carutapera,BR,-1.195,-46.02,79.66,80,95,9.26,overcast clouds
328,Koslan,RU,63.4564,48.8989,21.7,97,100,8.03,light snow
329,Teya,RU,60.3778,92.6267,-35.09,78,75,3.78,broken clouds
330,Lindas,NO,60.7381,5.16,30.0,88,92,1.99,overcast clouds
331,Portobelo,PA,9.55,-79.65,79.0,75,70,3.0,broken clouds
332,Batemans Bay,AU,-35.7167,150.1833,81.0,61,21,5.08,few clouds
333,Alofi,NU,-19.0595,-169.9187,80.6,89,100,8.05,moderate rain
334,Broome,US,42.2506,-75.833,9.0,85,90,5.75,mist
335,Llanes,ES,43.4198,-4.7549,55.99,98,100,7.61,overcast clouds
336,Westerland,DE,54.9079,8.3033,26.01,86,86,9.22,overcast clouds
337,Lompoc,US,34.6391,-120.4579,42.8,93,1,3.44,clear sky
338,Ulaanbaatar,MN,47.9077,106.8832,8.6,61,40,9.26,scattered clouds
339,Tautira,PF,-17.7333,-149.15,82.4,65,75,8.05,light rain
340,Mabaruma,GY,8.2,-59.7833,74.17,88,31,3.8,scattered clouds
341,Xinzhou,CN,38.4092,112.7333,35.96,62,45,3.74,scattered clouds
342,Krasnaya Poyma,RU,55.0014,39.08,20.25,97,85,9.4,overcast clouds
343,Curvelo,BR,-18.7564,-44.4308,73.06,71,95,5.64,overcast clouds
344,Magaria,NE,12.9983,8.9099,61.65,28,0,9.66,clear sky
345,Naliya,IN,23.2667,68.8333,67.84,31,0,8.66,clear sky
346,Deputatskiy,RU,69.3,139.9,-29.0,87,100,2.3,overcast clouds
347,Moussoro,TD,13.6408,16.4901,63.3,24,46,15.3,scattered clouds
348,Kendari,ID,-3.945,122.4989,85.23,66,100,5.93,overcast clouds
349,Kudahuvadhoo,MV,2.6708,72.8944,80.8,79,0,14.56,clear sky
350,Sangmelima,CM,2.9333,11.9833,71.02,87,100,4.38,overcast clouds
351,Dudinka,RU,69.4058,86.1778,-37.39,77,1,3.53,clear sky
352,Riyadh,SA,24.6877,46.7219,60.8,31,55,5.75,broken clouds
353,Veraval,IN,20.9,70.3667,70.99,25,76,12.93,broken clouds
354,Gat,IL,31.61,34.7642,45.0,100,62,1.99,broken clouds
355,Melfort,CA,52.8667,-104.6177,15.8,86,89,3.44,overcast clouds
356,Balaipungut,ID,1.05,101.2833,82.4,65,20,13.8,few clouds
357,Ewa Beach,US,21.3156,-158.0072,78.01,64,1,8.05,clear sky
358,Olafsvik,IS,64.8945,-23.7142,28.76,97,100,18.84,light snow
359,Ransang,PH,8.9603,117.5828,82.94,70,58,12.59,broken clouds
360,Damaturu,NG,11.747,11.9608,62.98,32,0,10.33,clear sky
361,Bergen,NO,60.392,5.328,30.0,86,75,4.61,broken clouds
362,Kupang,ID,-10.1667,123.5833,77.0,100,90,11.5,overcast clouds
363,Muromtsevo,RU,56.3724,75.2418,-4.31,88,100,8.41,overcast clouds
364,Pishin,PK,30.5803,66.9961,45.05,43,48,0.67,scattered clouds
365,Omsukchan,RU,62.5333,155.8,-27.36,82,100,7.18,overcast clouds
366,Poya,NC,-21.35,165.15,78.42,76,76,9.46,broken clouds
367,Vardo,NO,70.3705,31.1107,26.26,97,100,21.74,light snow
368,Mollendo,PE,-17.0231,-72.0147,69.82,75,0,6.67,clear sky
369,Hals,DK,56.9961,10.3081,26.6,86,90,5.75,overcast clouds
370,Harur,IN,12.0667,78.5,75.2,78,40,4.32,mist
371,Tefe,BR,-3.3542,-64.7114,74.17,93,91,2.19,overcast clouds
372,Coruripe,BR,-10.1256,-36.1756,77.41,82,97,9.75,overcast clouds
373,Izberbash,RU,42.5696,47.8645,41.0,93,90,2.24,overcast clouds
374,Rurrenabaque,BO,-14.4413,-67.5278,73.53,89,99,2.17,overcast clouds
375,Airai,TL,-8.9266,125.4092,64.69,100,100,4.92,overcast clouds
376,Kautokeino,NO,69.0125,23.0412,-5.39,91,100,5.41,overcast clouds
377,Gouyave,GD,12.1646,-61.7296,77.0,78,40,16.24,scattered clouds
378,Bonavista,CA,48.6499,-53.1147,27.0,93,100,6.91,overcast clouds
379,Baruun-Urt,MN,46.6806,113.2792,2.77,93,84,10.58,broken clouds
380,Espanola,US,35.9911,-106.0806,41.0,48,75,9.22,broken clouds
381,Usinsk,RU,65.9939,57.5281,-7.69,88,100,10.33,overcast clouds
382,Youhao,CN,47.8667,128.8333,-4.27,81,98,3.47,overcast clouds
383,Tabuk,PH,17.4189,121.4443,69.28,79,94,6.89,overcast clouds
384,Tianpeng,CN,30.9866,103.9393,59.0,61,81,4.07,broken clouds
385,Vincennes,FR,48.85,2.4333,48.2,93,90,6.91,light rain
386,Sistranda,NO,63.7256,8.834,33.8,93,40,13.8,light snow
387,Tigil,RU,57.8,158.6667,-2.51,91,100,9.24,overcast clouds
388,Quzhou,CN,28.9594,118.8686,54.0,55,40,3.98,scattered clouds
389,Ucluelet,CA,48.9329,-125.5528,42.01,90,100,4.0,overcast clouds
390,Coracora,PE,-15.0333,-73.7833,48.67,72,86,1.36,overcast clouds
391,Karpathos,GR,35.507,27.2132,60.8,88,93,16.11,overcast clouds
392,San Jeronimo,PE,-11.9472,-75.2829,44.01,81,100,6.76,overcast clouds
393,Antalaha,MG,-14.9003,50.2788,76.77,87,4,3.44,clear sky
394,Kushmurun,KZ,52.4503,64.6311,15.96,92,99,9.08,overcast clouds
395,Ugoofaaru,MV,5.6667,73.0,81.25,68,1,11.25,clear sky
396,Barao De Melgaco,BR,-16.1944,-55.9675,75.2,88,75,10.36,broken clouds
397,Ojinaga,MX,29.5667,-104.4167,61.0,44,1,4.61,clear sky
398,Iralaya,HN,15.0,-83.2333,76.21,83,19,13.18,few clouds
399,Whitehaven,GB,54.549,-3.5841,35.01,82,100,10.0,overcast clouds
400,Markova,UA,48.6758,24.4138,29.53,96,100,2.59,light snow
401,Longyearbyen,SJ,78.2186,15.6401,-0.4,50,20,24.16,few clouds
402,Isla Vista,US,34.4133,-119.861,46.4,93,20,3.06,few clouds
403,Samana,DO,19.2056,-69.3369,72.0,88,26,11.18,scattered clouds
404,Los Llanos De Aridane,ES,28.6585,-17.9182,62.6,82,20,5.75,few clouds
405,Touros,BR,-5.1989,-35.4608,77.0,83,40,4.61,scattered clouds
406,Krasnoborsk,RU,61.5598,45.934,19.45,97,100,6.35,light snow
407,Cuamba,MZ,-14.8031,36.5372,69.89,94,100,1.86,overcast clouds
408,Beyla,GN,8.6833,-8.6333,66.13,73,0,3.06,clear sky
409,Sisimiut,GL,66.9395,-53.6735,7.61,87,2,9.93,clear sky
410,Sao Joao Da Barra,BR,-21.6403,-41.0511,77.29,81,22,20.74,few clouds
411,Laela,TZ,-8.5667,32.05,61.34,89,99,1.5,overcast clouds
412,Saint Anthony,US,45.0205,-93.218,25.0,58,90,13.8,light snow
413,Turukhansk,RU,65.8167,87.9833,-30.32,77,93,6.06,overcast clouds
414,Nieuw Amsterdam,SR,5.8833,-55.0833,75.2,94,75,11.16,broken clouds
415,Cochabamba,BO,-17.3895,-66.1568,60.8,59,96,4.0,overcast clouds
416,Kaihua,CN,23.3687,104.28,57.0,75,90,11.3,overcast clouds
417,Manggar,ID,-2.8833,108.2667,83.41,71,100,14.16,light rain
418,Altagracia De Orituco,VE,9.8601,-66.3814,68.63,85,75,6.04,broken clouds
419,Jumla,NP,29.2747,82.1838,42.49,36,0,2.48,clear sky
420,Itaqui,BR,-29.1253,-56.5531,74.05,78,97,5.79,light rain
421,Baykit,RU,61.67,96.37,-35.34,76,94,4.41,overcast clouds
422,Inhambane,MZ,-23.865,35.3833,71.6,100,75,3.67,broken clouds
423,Kurilsk,RU,45.2333,147.8833,26.56,96,100,23.11,light snow
424,Abyek,IR,36.0667,50.55,39.2,100,75,9.22,fog
425,San Quintin,MX,30.4833,-115.95,55.96,76,0,7.99,clear sky
426,Asyut,EG,27.181,31.1837,42.8,65,0,2.33,clear sky
427,Seoul,KR,37.5683,126.9778,37.4,56,20,2.3,few clouds
428,Bundaberg,AU,-24.85,152.35,84.0,61,75,17.27,broken clouds
429,Turbat,PK,26.0023,63.044,65.34,28,0,1.19,clear sky
430,Konza,KE,-1.7426,37.1294,57.31,87,28,3.36,scattered clouds
431,El Tocuyo,VE,9.7873,-69.7937,65.57,78,80,0.54,broken clouds
432,Benghazi,LY,32.1167,20.0667,63.27,77,9,16.17,clear sky
433,Moerai,PF,-22.4333,-151.3333,81.0,70,18,13.09,light rain
434,Kaifeng,CN,34.7911,114.3483,57.2,14,0,15.66,clear sky
435,Awbari,LY,26.5921,12.7805,48.36,65,0,3.56,clear sky
436,Prachuap Khiri Khan,TH,12.2167,99.75,84.2,58,93,9.22,overcast clouds
437,Illela,NG,13.7292,5.2975,66.0,24,21,13.91,few clouds
438,Geraldton,AU,-28.7667,114.6,102.2,16,0,9.22,clear sky
439,Mangla,PK,31.8931,72.3817,58.35,31,0,1.66,clear sky
440,Meulaboh,ID,4.1363,96.1285,84.79,63,88,2.82,overcast clouds
441,Bambui,BR,-20.0064,-45.9769,67.08,76,100,1.39,overcast clouds
442,Venezuela,VE,8.0,-66.0,77.5,66,68,17.56,broken clouds
443,Goroka,PG,-6.0834,145.3873,77.02,57,96,2.01,overcast clouds
444,Kalmar,SE,56.6616,16.3616,25.0,86,90,10.36,overcast clouds
445,Mariakani,KE,-3.8633,39.4736,74.91,86,100,5.68,overcast clouds
446,Charlestown,AU,-32.95,151.6667,77.0,87,100,8.01,light rain
447,Kindu,CD,-2.95,25.95,68.58,93,91,1.86,overcast clouds
448,Pemba,MZ,-12.974,40.5178,78.8,89,75,8.05,broken clouds
449,Kurchum,KZ,48.5722,83.6542,-1.35,92,84,1.14,broken clouds
450,Korla,CN,41.7597,86.1469,27.86,76,0,5.03,clear sky
451,Camacha,PT,33.0833,-16.3333,60.8,94,75,8.05,broken clouds
452,Bubaque,GW,11.2833,-15.8333,78.19,65,0,9.26,clear sky
453,Akyab,MM,20.15,92.9,73.49,35,40,4.72,scattered clouds
454,Port Hardy,CA,50.6996,-127.4199,42.8,87,90,17.27,light rain
455,Honiara,SB,-9.4333,159.95,83.61,78,74,7.9,broken clouds
456,Wajid,SO,3.8093,43.2471,66.4,73,0,15.46,clear sky
457,Kiama,AU,-34.6833,150.8667,84.99,83,76,15.01,broken clouds
458,Nioro,GM,13.35,-15.75,68.27,20,0,4.9,clear sky
459,Ambulu,ID,-8.345,113.6058,79.21,81,100,4.21,overcast clouds
460,Lasa,IT,46.6166,10.7002,30.99,86,90,5.75,overcast clouds
461,Thinadhoo,MV,0.5333,72.9333,82.0,75,94,13.0,moderate rain
462,Derzhavinsk,KZ,51.1,66.3167,16.34,92,88,11.3,overcast clouds
463,Galesong,ID,-5.3166,119.3661,84.2,84,40,9.22,scattered clouds
464,Monmouth,US,40.3001,-74.1663,21.0,49,1,16.11,clear sky
465,Betare Oya,CM,5.6,14.0833,63.23,36,65,2.86,broken clouds
466,Ruteng,ID,-8.6136,120.4721,67.5,100,97,5.12,overcast clouds
467,Gijon,ES,43.5357,-5.6615,57.99,67,75,13.8,broken clouds
468,Srednekolymsk,RU,67.45,153.6833,-33.12,84,99,1.9,overcast clouds
469,Mackay,AU,-21.15,149.2,87.01,66,40,20.71,scattered clouds
470,Dingle,PH,10.9995,122.6711,77.18,85,100,17.18,overcast clouds
471,Jinji,CN,23.2281,110.8261,73.42,36,0,2.82,clear sky
472,Djibo,BF,14.1022,-1.6306,67.44,23,49,9.95,scattered clouds
473,Kuusamo,FI,65.9667,29.1833,12.2,85,90,8.05,light snow
474,Preston,GB,53.7667,-2.7167,37.99,87,100,11.99,overcast clouds
475,Sirjan,IR,29.452,55.6814,48.67,46,28,8.16,scattered clouds
476,Nisko,PL,50.5199,22.1397,24.01,93,100,1.01,light snow
477,Chateauroux,FR,46.8167,1.7,48.2,93,90,10.36,mist
478,Yarmouth,US,41.7057,-70.2286,23.0,63,90,19.57,overcast clouds
479,Ringebu,NO,61.5167,10.1667,7.43,84,13,5.19,few clouds
480,Adana,TR,36.985,35.2881,37.4,81,0,5.75,clear sky
481,Muborak,UZ,39.2553,65.1528,47.52,45,100,5.08,overcast clouds
482,Tombouctou,ML,20.0,-3.0,64.0,24,0,11.63,clear sky
483,Husavik,IS,66.0449,-17.3389,26.6,86,90,17.27,overcast clouds
484,Biloela,AU,-24.4167,150.5,90.34,39,59,8.14,broken clouds
485,Mogok,MM,22.9167,96.5,72.73,36,0,2.86,clear sky
486,Mersing,MY,2.4312,103.8405,82.4,74,40,13.8,scattered clouds
487,Narsaq,GL,60.9167,-46.05,41.0,33,75,34.52,broken clouds
488,Andenes,NO,69.3143,16.1194,23.0,74,75,11.5,broken clouds
489,Tadine,NC,-21.55,167.8833,79.45,68,16,15.99,few clouds
490,Miri,MY,4.4148,114.0089,87.8,74,40,9.22,scattered clouds
491,Itupiranga,BR,-5.1347,-49.3267,74.17,95,96,3.09,overcast clouds
492,Vila Velha,BR,-20.3297,-40.2925,77.0,83,20,6.91,few clouds
493,Zeya,RU,53.75,127.2667,-14.53,80,33,2.89,scattered clouds
494,Zaysan,KZ,47.4667,84.8667,3.99,91,85,1.1,overcast clouds
495,Lakes Entrance,AU,-37.8811,147.981,73.99,72,72,1.01,broken clouds
496,Mehamn,NO,71.0357,27.8492,25.0,96,100,17.47,light snow
497,Gongzhuling,CN,43.5008,124.8198,0.21,91,80,8.3,broken clouds
498,Gorontalo,ID,0.5412,123.0595,84.25,74,48,4.65,scattered clouds
499,Nador,MA,35.174,-2.9287,57.2,100,90,10.36,overcast clouds
500,Margate,GB,51.3813,1.3862,48.0,90,100,15.64,overcast clouds
501,Salalah,OM,17.0151,54.0924,69.8,64,75,6.91,broken clouds
502,Elk Plain,US,47.0532,-122.3976,43.0,100,90,2.86,overcast clouds
503,Ammon,US,43.4696,-111.9666,35.01,93,90,12.66,light snow
504,Gorin,RU,51.1983,136.6669,-1.91,89,100,6.35,overcast clouds
505,Diamantino,BR,-14.4086,-56.4461,72.5,88,99,4.09,light rain
506,Cheremnoye,RU,53.1697,83.2133,17.6,86,75,11.18,light snow
507,Cockburn Town,TC,21.4612,-71.1419,72.43,72,3,19.69,clear sky
508,San Bartolome De Tirajana,ES,27.9248,-15.5733,64.99,82,20,19.57,few clouds
509,Astoria,US,46.1879,-123.8313,39.99,93,90,6.91,light rain
510,Port Moresby,PG,-9.4431,147.1797,76.53,86,100,10.22,overcast clouds
511,Kamenka,RU,51.3223,42.7678,33.01,95,100,24.74,light snow
512,Dong Hoi,VN,17.4833,106.6,70.07,82,89,10.13,overcast clouds
513,Ayacucho,PE,-13.1583,-74.2239,57.6,65,100,4.41,overcast clouds
514,Linares,CL,-35.85,-71.6,60.35,96,100,5.7,overcast clouds
515,Tabory,RU,58.5198,64.5495,9.45,95,100,9.62,overcast clouds
516,Isangel,VU,-19.55,169.2667,87.8,62,40,11.5,scattered clouds
517,Port Keats,AU,-14.25,129.55,80.83,84,100,7.81,light rain
518,Makubetsu,JP,45.3714,141.8211,24.8,86,75,17.27,snow
519,Stuttgart,DE,48.7823,9.177,44.01,87,40,8.05,scattered clouds
520,Beberibe,BR,-4.1797,-38.1306,80.6,83,40,12.66,scattered clouds
521,Petrokamenskoye,RU,57.716,60.6484,7.5,95,100,6.96,overcast clouds
522,Yilan,TW,24.757,121.753,69.8,56,40,13.8,scattered clouds
523,Fare,PF,-16.7,-151.0167,81.12,66,85,3.91,overcast clouds
524,Udachnyy,RU,66.4167,112.4,-34.31,81,100,5.17,overcast clouds
525,Carbonia,IT,39.1672,8.5222,59.0,87,0,5.75,clear sky
526,Pangai,TO,-19.8,-174.35,82.4,78,90,6.91,light rain
527,Mareeba,AU,-17.0,145.4333,89.01,69,77,7.0,broken clouds
528,Nuristan,AF,35.3,70.8333,16.97,78,0,10.78,clear sky
529,Namibe,AO,-15.1961,12.1522,73.29,78,99,7.99,overcast clouds
530,Palmerston,AU,-12.486,130.9833,79.0,94,75,13.8,moderate rain
531,Black Forest,US,39.0131,-104.7008,37.4,30,1,6.91,clear sky
532,Shache,CN,38.4167,77.2406,28.67,77,0,2.06,clear sky
533,Anadyr,RU,64.75,177.4833,-20.0,69,0,8.95,clear sky
534,Mayskiy,RU,47.6931,40.1025,37.4,81,40,17.9,light rain
535,Kontagora,NG,10.3999,5.4695,72.41,20,20,8.84,few clouds
536,Pangnirtung,CA,66.1451,-65.7125,-5.8,65,1,2.3,clear sky
537,Oranjemund,NA,-28.55,16.4333,59.77,91,4,10.58,clear sky
538,Belyy Yar,RU,53.6039,91.3903,23.0,68,0,8.95,clear sky
539,Alyangula,AU,-13.8483,136.4192,89.6,66,31,8.05,scattered clouds
540,Wala,CM,4.578,12.3154,66.09,98,100,2.26,overcast clouds
541,Caxito,AO,-8.5785,13.6643,78.8,83,40,6.91,scattered clouds
542,Bonthe,SL,7.5264,-12.505,76.86,89,2,4.65,clear sky
543,Jiangyou,CN,31.7667,104.7167,56.3,39,71,3.13,broken clouds
544,Nyurba,RU,63.2842,118.3319,-40.88,78,100,2.66,overcast clouds
545,Whitianga,NZ,-36.8333,175.7,67.69,47,14,11.1,few clouds
546,Brae,GB,60.3964,-1.353,33.8,75,36,9.22,scattered clouds
547,Tahe,CN,52.3333,124.7333,-17.68,79,59,3.04,broken clouds
548,Sao Desiderio,BR,-12.3633,-44.9733,71.42,65,10,1.14,clear sky
549,Barra Patuca,HN,15.8,-84.2833,74.52,87,19,9.33,few clouds
550,Maumere,ID,-8.6199,122.2111,81.0,82,100,14.61,overcast clouds
551,Kalmunai,LK,7.4167,81.8167,80.37,81,31,10.13,scattered clouds
552,Bastia,FR,42.6667,9.3333,57.99,38,0,6.91,clear sky
553,Harper,LR,4.375,-7.7169,77.77,87,0,6.11,clear sky
554,Zhigansk,RU,66.7697,123.3711,-41.58,80,100,1.99,overcast clouds
555,Half Moon Bay,US,37.4636,-122.4286,48.99,76,20,4.61,few clouds
556,Syasstroy,RU,60.1367,32.5691,21.81,97,65,8.81,light snow
557,Rojhan,PK,28.6868,69.9534,61.23,26,0,3.8,clear sky
558,Bakchar,RU,57.0186,82.0711,-24.38,85,9,4.83,clear sky
559,Rabo De Peixe,PT,37.8,-25.5833,59.0,94,20,9.22,few clouds
560,Khartoum,SD,15.5518,32.5324,61.0,25,0,12.66,clear sky
561,Galle,LK,6.0367,80.217,81.14,75,8,0.92,clear sky
562,Ambilobe,MG,-13.2,49.05,76.28,89,78,2.35,broken clouds
563,Two Rivers,US,44.1539,-87.5693,30.0,74,90,12.66,overcast clouds
564,Roald,NO,62.5833,6.1333,35.6,75,75,9.22,light snow
565,Oswego,US,43.4501,-76.1497,12.99,79,90,3.91,overcast clouds
566,Boguchany,RU,58.3814,97.4531,-31.34,79,100,8.34,overcast clouds
567,Whitecourt,CA,54.1502,-115.6855,3.2,78,1,5.75,clear sky
568,Salisbury,GB,51.0693,-1.7957,46.0,100,75,10.36,moderate rain
569,Guider,CM,9.9342,13.9486,68.5,21,0,7.87,clear sky
570,Fagersta,SE,60.0042,15.7932,3.0,77,46,3.44,scattered clouds
571,Baherden,TM,38.4362,57.4316,53.29,42,96,7.56,overcast clouds
572,Kenai,US,60.5544,-151.2583,21.0,93,90,3.44,overcast clouds
573,Maymyo,MM,22.0333,96.4667,73.4,56,0,2.3,clear sky
574,Arica,CL,-18.475,-70.3042,68.0,73,0,4.61,clear sky
575,Nova Olinda Do Norte,BR,-3.8881,-59.0942,74.68,95,92,2.77,overcast clouds
576,Lengshuitan,CN,26.4111,111.5956,58.12,47,85,3.98,overcast clouds
577,Sao Jose Da Coroa Grande,BR,-8.8978,-35.1478,77.47,82,100,9.06,overcast clouds
578,Rocha,UY,-34.4833,-54.3333,65.46,81,3,4.83,clear sky
579,Canoa,DO,18.355,-71.1585,71.26,75,8,3.89,clear sky
580,Virginia Beach,US,36.8529,-75.978,30.99,55,0,1.99,clear sky
581,Fonte Boa,BR,-2.4959,-66.2662,76.42,82,90,2.64,overcast clouds
582,Dalvik,IS,65.9702,-18.5286,26.6,86,90,17.27,snow
583,Turan,VN,16.0678,108.2208,77.0,69,20,6.91,few clouds
584,Hualmay,PE,-11.0964,-77.6139,70.59,79,85,5.86,overcast clouds
585,Jaisalmer,IN,26.9147,70.9181,65.46,21,0,6.2,clear sky
586,Durango,MX,24.8333,-104.8333,55.42,61,24,4.41,few clouds
587,Cap Malheureux,MU,-19.9842,57.6142,84.0,73,1,7.0,clear sky
588,Karratha,AU,-20.7377,116.8463,92.37,47,24,10.8,few clouds
589,Vila Franca Do Campo,PT,37.7167,-25.4333,59.0,94,20,9.22,few clouds
590,Magistralnyy,RU,56.1725,107.4458,-23.98,83,100,2.59,overcast clouds
591,Pershotravneve,UA,51.3929,28.8684,19.98,98,84,6.22,broken clouds
592,Say,NE,13.1007,2.3689,73.4,16,0,5.75,dust
593,Calvinia,ZA,-31.4707,19.776,52.83,76,0,3.67,clear sky
594,Wajir,KE,1.7471,40.0573,71.83,79,7,13.51,clear sky
595,Statesboro,US,32.4488,-81.7832,33.8,86,1,4.99,clear sky
596,Smolenka,RU,52.1352,113.4974,-22.0,69,75,1.48,mist
597,Marquette,US,46.5333,-87.6335,9.0,85,1,4.29,clear sky
598,Taga,RO,46.95,24.05,34.0,100,75,2.3,light rain
599,Sayansk,RU,54.1088,102.1648,4.93,95,100,0.92,light snow
600,Biu,NG,10.6129,12.1946,61.05,32,0,9.8,clear sky
601,Kysyl-Syr,RU,63.8986,122.7617,-40.72,77,100,1.92,overcast clouds
602,Gizo,SB,-8.103,156.8419,86.83,72,29,14.32,light rain
603,Debre Tabor,ET,11.85,38.0167,48.42,51,4,5.5,clear sky
604,Urucara,BR,-2.5364,-57.76,73.76,96,60,2.46,broken clouds
605,Mezen,RU,65.8522,44.24,9.9,95,100,10.04,overcast clouds
606,Balikpapan,ID,-1.2675,116.8289,86.0,79,40,3.44,scattered clouds
607,Aswan,EG,24.0934,32.907,48.02,56,0,7.11,clear sky
608,Belmonte,BR,-15.8631,-38.8828,78.8,73,20,10.36,few clouds
609,Kloulklubed,PW,7.0419,134.2556,86.0,62,75,13.8,broken clouds
610,Bratsk,RU,56.1325,101.6142,-16.01,76,20,3.4,few clouds
611,Dingzhou,CN,38.5131,114.9956,48.2,18,0,8.95,clear sky
612,Kavaratti,IN,10.5669,72.642,80.35,73,19,11.25,few clouds
613,Acajutla,SV,13.5928,-89.8275,79.0,48,27,7.36,scattered clouds
614,Machiques,VE,10.0644,-72.545,75.79,59,57,9.55,broken clouds
615,Kungurtug,RU,50.5994,97.5228,20.1,90,100,13.06,light snow
616,Amga,RU,60.8953,131.9608,-38.36,76,55,0.47,broken clouds
617,Erzin,TR,36.9559,36.2,39.0,84,0,13.0,clear sky
618,Mayo,US,38.8876,-76.5119,30.99,47,90,8.05,overcast clouds
619,Puerto Del Rosario,ES,28.5004,-13.8627,64.4,82,40,12.66,scattered clouds
620,Mattru,SL,7.6244,-11.8332,74.08,94,7,2.21,light rain
621,Batsfjord,NO,70.6345,29.7185,22.5,95,100,11.61,overcast clouds
622,Hirara,JP,24.8,125.2833,64.4,52,40,10.36,scattered clouds
623,Qasigiannguit,GL,68.8193,-51.1922,1.4,55,0,6.91,clear sky
624,Peniche,PT,39.3558,-9.3811,57.99,99,100,14.0,overcast clouds
625,Jalu,LY,29.0331,21.5482,53.55,72,0,10.16,clear sky
626,Mercedes,AR,-34.6515,-59.4307,69.01,91,22,1.01,few clouds
627,Borogontsy,RU,62.6683,131.1683,-42.11,76,86,2.06,overcast clouds
628,Maniitsoq,GL,65.4167,-52.9,19.26,76,0,5.53,clear sky
629,Asau,RO,46.4333,26.4,41.0,58,100,5.53,overcast clouds
630,Darhan,MN,49.4867,105.9228,10.42,93,100,5.32,overcast clouds
631,New Baltimore,US,42.6811,-82.7369,15.01,85,1,4.61,clear sky
632,Ibra,OM,22.6906,58.5334,63.66,34,0,2.24,clear sky
633,Shitkino,RU,56.3703,98.3543,-15.23,87,100,5.82,overcast clouds
634,Samarkand,UZ,39.6542,66.9597,48.2,20,100,11.5,overcast clouds
635,Balabac,PH,7.9868,117.0645,81.99,76,43,21.54,scattered clouds
636,Lady Lake,US,28.9175,-81.9229,46.99,87,0,5.44,clear sky
637,Ufimskiy,RU,56.7084,58.0517,24.1,98,100,4.63,light snow
638,Lucapa,AO,-8.4192,20.7447,63.3,99,100,1.92,overcast clouds
639,Burns Lake,CA,54.2331,-125.7533,10.4,79,100,2.3,overcast clouds
640,Whitehorse,CA,60.7161,-135.0538,0.0,78,75,5.75,broken clouds
641,Huarmey,PE,-10.0681,-78.1522,70.86,78,86,6.8,overcast clouds
642,Kryva,UA,48.1723,23.2365,36.0,96,100,1.01,overcast clouds
643,Ternate,ID,0.8,127.4,83.7,70,59,7.81,broken clouds
644,Houston,US,29.7633,-95.3633,57.2,88,90,11.5,overcast clouds
645,Negombo,LK,7.2083,79.8358,78.8,83,40,6.91,scattered clouds
646,Chebarkul,RU,54.9749,60.3633,10.76,95,100,8.25,overcast clouds
647,Port Macquarie,AU,-31.4333,152.9167,82.99,69,89,1.99,overcast clouds
648,Bad Neuenahr-Ahrweiler,DE,50.55,7.1,44.01,93,90,10.36,overcast clouds
649,Sept-Iles,CA,50.2001,-66.3821,10.4,61,0,8.05,clear sky
650,Alta Floresta,BR,-9.8756,-56.0861,71.55,95,82,1.66,broken clouds
651,Uchiza,PE,-8.4592,-76.4633,70.88,84,100,2.28,overcast clouds
652,Hami,CN,42.8,93.45,28.53,78,0,1.12,clear sky
653,Chimoio,MZ,-19.1164,33.4833,67.87,100,91,0.65,overcast clouds
654,Panubigan,PH,7.4281,123.3466,83.77,67,50,7.49,scattered clouds
655,Kedrovyy,RU,56.1667,91.8167,-9.4,70,100,17.9,snow
656,Huilong,CN,31.8111,121.655,55.0,48,0,5.01,clear sky
657,Manoharpur,IN,27.3,75.95,57.2,41,0,2.3,haze
658,Tommot,RU,58.9564,126.2925,-28.48,79,100,0.74,overcast clouds
659,Ayr,GB,55.4627,-4.6339,35.6,80,85,11.5,overcast clouds
660,Prainha,BR,-1.8,-53.48,75.09,90,40,2.73,scattered clouds
661,Centralia,US,46.7162,-122.9543,43.0,87,90,6.91,overcast clouds
662,Campobasso,IT,41.6333,14.5833,43.0,92,31,4.21,scattered clouds
663,Machilipatnam,IN,16.1667,81.1333,78.8,78,40,5.75,mist
664,Nalut,LY,30.3333,10.85,51.06,46,0,6.33,clear sky
665,Sawtell,AU,-30.3833,153.1,80.01,69,75,9.22,broken clouds
666,Turayf,SA,31.6725,38.6637,41.0,100,75,18.41,broken clouds
667,Deer Lake,CA,49.1667,-57.4316,8.6,85,1,4.61,clear sky
668,Moron,AR,-34.6534,-58.6198,77.0,80,1,1.92,clear sky
669,Wilmington,US,34.2257,-77.9447,30.2,74,1,4.7,clear sky
670,Byron Bay,AU,-28.65,153.6167,86.0,65,40,13.8,scattered clouds
671,Karasjok,NO,69.4719,25.5112,5.0,85,90,3.44,light snow
672,Calama,CL,-22.4667,-68.9333,53.6,14,0,5.75,clear sky
673,Hervey Bay,AU,-25.2986,152.8535,84.99,61,75,17.27,broken clouds
674,Atar,MR,20.5169,-13.0499,64.65,27,47,11.56,scattered clouds
675,Nuevo Ideal,MX,24.8875,-105.0728,56.25,62,37,7.05,scattered clouds
676,Aksarka,RU,66.5606,67.7975,-41.04,79,55,3.42,broken clouds
677,Tabanan,ID,-8.5413,115.1252,84.2,79,20,10.36,few clouds
678,Santa Cecilia,BR,-26.9608,-50.4269,61.2,100,100,2.57,light rain
679,Jatiroto,ID,-7.8833,111.1167,80.85,73,100,3.67,overcast clouds
680,Batticaloa,LK,7.7102,81.6924,79.86,81,20,7.14,few clouds
681,Pobe,BJ,6.9801,2.6649,73.71,97,71,3.2,broken clouds
682,Yudong,CN,29.385,106.5194,53.01,76,49,6.71,mist
683,Chaman,PK,30.9236,66.4512,48.07,39,63,3.24,broken clouds
684,Yerbogachen,RU,61.2767,108.0108,-38.29,79,53,7.14,broken clouds
